CREATE TABLE customers (
  id    INTEGER PRIMARY KEY,
  name  TEXT    NOT NULL,
  email TEXT    NOT NULL
);

INSERT INTO customers VALUES
  (1,'Alice','alice@mail.com'),
  (2,'Bob','bob@mail.com'),
  (3,'Carol','carol@mail.com'),
  (4,'Dan','dan@mail.com'),
  (5,'Eva','eva@mail.com'),
  (6,'Frank','frank@mail.com');
  
CREATE TABLE products (
  id INTEGER PRIMARY KEY,
  product_name TEXT NOT NULL,
  price REAL NOT NULL,
  category TEXT NOT NULL
);

INSERT INTO products VALUES
  (1,'Wireless Mouse',29.99,'Electronics'),
  (2,'USB-C Hub',49.99,'Electronics'),
  (3,'Notebook',5.99,'Stationery'),
  (4,'Gel Pen Set',8.49,'Stationery'),
  (5,'Desk Lamp',34.99,'Furniture'),
  (6,'Whiteboard',59.99,'Furniture'),
  (7,'Coffee Mug',12.99,'Kitchen'),
  (8,'Water Bottle',18.99,'Kitchen'),
  (9,'Backpack',74.99,'Bags'),
  (10,'Tote Bag',22.99,'Bags'),
  (11,'Keyboard',89.99,'Electronics');

CREATE TABLE orders (
  id          INTEGER PRIMARY KEY,
  customer_id INTEGER NOT NULL,
  product_id  INTEGER NOT NULL,
  quantity    INTEGER NOT NULL,
  order_date  TEXT    NOT NULL,
  FOREIGN KEY (customer_id) REFERENCES customers(id),
  FOREIGN KEY (product_id)  REFERENCES products(id)
);

INSERT INTO orders VALUES
  (1,1,3,2,'2024-01-05'),
  (2,1,7,1,'2024-01-18'),
  (3,2,1,3,'2024-02-02'),
  (4,2,10,1,'2024-02-14'),
  (5,3,5,2,'2024-03-01'),
  (6,4,2,1,'2024-03-15'),
  (7,4,8,4,'2024-03-22'),
  (8,1,4,1,'2024-04-10'),
  (9,5,6,2,'2024-04-18');


--1.List all orders with the customer's name and product name (3-table JOIN: orders + customers + products)--

SELECT 
  o.id AS order_id,
  c.name AS customer_name,
  p.product_name,
  o.quantity,
  o.order_date
FROM orders o 
JOIN customers c ON o.customer_id = c.id
JOIN products p ON o.product_id = p.id;

--2.Show only orders for Electronics products — include customer name, product name, and price--

SELECT
  c.name AS customer_name,
  p.product_name,
  p.price,
  o.quantity,
  o.order_date
FROM orders o 
JOIN customers c ON o.customer_id = c.id
JOIN products p ON o.product_id = p.id
WHERE p.category = 'Electronics';

--3.Find all customers and any orders they have placed — show NULL for customers with no orders--

SELECT
   c.name AS customer_name,
   o.id AS order_id,
   o.order_date
FROM customers c
LEFT JOIN orders o ON c.id = o.customer_id;

--4.Count how many orders each product has received (JOIN orders + products, GROUP BY product_name)--

SELECT
  p.product_name,
  COUNT(o.id) AS total_orders
FROM products p 
LEFT JOIN orders o on p.id = o.product_id
GROUP BY p.id, p.product_name
ORDER BY total_orders DESC;

--5.Find the customer who made the highest total purchase (SUM price × quantity, ORDER BY + LIMIT 1)--

SELECT
   c.name AS customer_name,
   SUM(p.price*o.quantity) AS total_spent
FROM orders o
JOIN customers c ON o.customer_id = c.id
JOIN products p ON o.product_id = p.id
GROUP BY c.id, c.name
ORDER BY total_spent DESC
LIMIT 1;
